{"cameraMode":{"drawMode":0,"name":"Shaded","section":"Shading Mode"},"sceneLighting":true,"audioPlay":false,"sceneViewState":{"showFog":true,"showMaterialUpdate":false,"showSkybox":true,"showFlares":true,"showImageEffects":true,"showParticleSystems":true},"in2DMode":false,"pivot":{"x":3.592665672302246,"y":5.412510871887207,"z":0.7665201425552368},"rotation":{"x":-0.5236053466796875,"y":-0.4747176766395569,"z":0.5283445119857788,"w":-0.4704601764678955},"size":14.800612449645996,"orthographic":true}