{"cameraMode":{"drawMode":0,"name":"Shaded","section":"Shading Mode"},"sceneLighting":true,"audioPlay":false,"sceneViewState":{"showFog":true,"showMaterialUpdate":false,"showSkybox":true,"showFlares":true,"showImageEffects":true,"showParticleSystems":true},"in2DMode":false,"pivot":{"x":-0.8679494857788086,"y":-0.13926458358764649,"z":1.4146144390106202},"rotation":{"x":-0.1710919290781021,"y":0.49682530760765078,"z":-0.10061334073543549,"w":-0.8448486328125},"size":7.64777946472168,"orthographic":false}